TruthSet	Level	Sample	CallerA	CallerB	F1_A_minus_B	lo	hi	Share_A_better
TS1_consensus	3plus	normal	BCF	Deepvariant	0.009808	0.007689	0.011893	1.000
TS1_consensus	3plus	normal	BCF	Freebayes	0.059264	0.057943	0.060636	1.000
TS1_consensus	3plus	normal	BCF	Gatk	0.006823	0.005574	0.008174	1.000
TS1_consensus	3plus	normal	BCF	Varscan	0.003576	0.003222	0.003907	1.000
TS1_consensus	3plus	normal	Deepvariant	Freebayes	0.049456	0.048333	0.050536	1.000
TS1_consensus	3plus	normal	Deepvariant	Gatk	-0.002985	-0.004101	-0.001858	0.000
TS1_consensus	3plus	normal	Deepvariant	Varscan	-0.006232	-0.008384	-0.004115	0.000
TS1_consensus	3plus	normal	Freebayes	Gatk	-0.052441	-0.053101	-0.051734	0.000
TS1_consensus	3plus	normal	Freebayes	Varscan	-0.055688	-0.057143	-0.054340	0.000
TS1_consensus	3plus	normal	Gatk	Varscan	-0.003247	-0.004675	-0.002010	0.000
TS1_consensus	4plus	normal	BCF	Deepvariant	-0.006265	-0.007077	-0.005511	0.000
TS1_consensus	4plus	normal	BCF	Freebayes	0.036383	0.035094	0.037686	1.000
TS1_consensus	4plus	normal	BCF	Gatk	0.001167	-0.000261	0.002885	0.941
TS1_consensus	4plus	normal	BCF	Varscan	-0.012062	-0.013961	-0.010278	0.000
TS1_consensus	4plus	normal	Deepvariant	Freebayes	0.042648	0.041825	0.043583	1.000
TS1_consensus	4plus	normal	Deepvariant	Gatk	0.007432	0.005811	0.009235	1.000
TS1_consensus	4plus	normal	Deepvariant	Varscan	-0.005797	-0.007128	-0.004593	0.000
TS1_consensus	4plus	normal	Freebayes	Gatk	-0.035216	-0.036937	-0.033397	0.000
TS1_consensus	4plus	normal	Freebayes	Varscan	-0.048445	-0.049871	-0.047272	0.000
TS1_consensus	4plus	normal	Gatk	Varscan	-0.013229	-0.016225	-0.010527	0.000
TS1_consensus	5tools	normal	BCF	Deepvariant	-0.024964	-0.028891	-0.021348	0.000
TS1_consensus	5tools	normal	BCF	Freebayes	-0.068807	-0.070709	-0.067081	0.000
TS1_consensus	5tools	normal	BCF	Gatk	-0.001890	-0.003380	-0.000145	0.019
TS1_consensus	5tools	normal	BCF	Varscan	-0.018704	-0.020600	-0.016754	0.000
TS1_consensus	5tools	normal	Deepvariant	Freebayes	-0.043842	-0.047239	-0.040008	0.000
TS1_consensus	5tools	normal	Deepvariant	Gatk	0.023074	0.018463	0.027985	1.000
TS1_consensus	5tools	normal	Deepvariant	Varscan	0.006260	0.004188	0.008489	1.000
TS1_consensus	5tools	normal	Freebayes	Gatk	0.066916	0.065389	0.068579	1.000
TS1_consensus	5tools	normal	Freebayes	Varscan	0.050103	0.048334	0.051625	1.000
TS1_consensus	5tools	normal	Gatk	Varscan	-0.016814	-0.019772	-0.014080	0.000
TS2_leave_one_out	k2	normal	BCF	Deepvariant	0.015672	0.013085	0.018547	1.000
TS2_leave_one_out	k2	normal	BCF	Freebayes	0.064021	0.062851	0.065232	1.000
TS2_leave_one_out	k2	normal	BCF	Gatk	0.008850	0.008119	0.009664	1.000
TS2_leave_one_out	k2	normal	BCF	Varscan	0.008755	0.008084	0.009474	1.000
TS2_leave_one_out	k2	normal	Deepvariant	Freebayes	0.048350	0.046469	0.050061	1.000
TS2_leave_one_out	k2	normal	Deepvariant	Gatk	-0.006822	-0.008949	-0.004902	0.000
TS2_leave_one_out	k2	normal	Deepvariant	Varscan	-0.006916	-0.009233	-0.004864	0.000
TS2_leave_one_out	k2	normal	Freebayes	Gatk	-0.055171	-0.055964	-0.054457	0.000
TS2_leave_one_out	k2	normal	Freebayes	Varscan	-0.055266	-0.056130	-0.054527	0.000
TS2_leave_one_out	k2	normal	Gatk	Varscan	-0.000095	-0.000705	0.000479	0.394
TS2_leave_one_out	k3	normal	BCF	Deepvariant	0.001750	0.000726	0.002811	0.999
TS2_leave_one_out	k3	normal	BCF	Freebayes	0.047909	0.047045	0.048956	1.000
TS2_leave_one_out	k3	normal	BCF	Gatk	0.003899	0.002474	0.005471	1.000
TS2_leave_one_out	k3	normal	BCF	Varscan	-0.004131	-0.005111	-0.003306	0.000
TS2_leave_one_out	k3	normal	Deepvariant	Freebayes	0.046159	0.045288	0.047059	1.000
TS2_leave_one_out	k3	normal	Deepvariant	Gatk	0.002149	0.001427	0.002919	1.000
TS2_leave_one_out	k3	normal	Deepvariant	Varscan	-0.005882	-0.007595	-0.004257	0.000
TS2_leave_one_out	k3	normal	Freebayes	Gatk	-0.044010	-0.044966	-0.043019	0.000
TS2_leave_one_out	k3	normal	Freebayes	Varscan	-0.052040	-0.053393	-0.050811	0.000
TS2_leave_one_out	k3	normal	Gatk	Varscan	-0.008030	-0.010224	-0.006046	0.000
TS2_leave_one_out	k4	normal	BCF	Deepvariant	-0.015809	-0.017964	-0.013806	0.000
TS2_leave_one_out	k4	normal	BCF	Freebayes	-0.017135	-0.018705	-0.015712	0.000
TS2_leave_one_out	k4	normal	BCF	Gatk	-0.000428	-0.001896	0.001177	0.294
TS2_leave_one_out	k4	normal	BCF	Varscan	-0.014867	-0.016644	-0.013109	0.000
TS2_leave_one_out	k4	normal	Deepvariant	Freebayes	-0.001326	-0.003111	0.000690	0.088
TS2_leave_one_out	k4	normal	Deepvariant	Gatk	0.015381	0.012247	0.018793	1.000
TS2_leave_one_out	k4	normal	Deepvariant	Varscan	0.000942	0.000203	0.001769	0.991
TS2_leave_one_out	k4	normal	Freebayes	Gatk	0.016707	0.015055	0.018350	1.000
TS2_leave_one_out	k4	normal	Freebayes	Varscan	0.002268	0.000975	0.003510	1.000
TS2_leave_one_out	k4	normal	Gatk	Varscan	-0.014439	-0.017217	-0.011758	0.000
TS1_consensus	3plus	abnormal	BCF	Deepvariant	0.009320	0.007335	0.011450	1.000
TS1_consensus	3plus	abnormal	BCF	Freebayes	0.059278	0.058067	0.060607	1.000
TS1_consensus	3plus	abnormal	BCF	Gatk	0.006920	0.005807	0.008304	1.000
TS1_consensus	3plus	abnormal	BCF	Varscan	0.003441	0.002998	0.003796	1.000
TS1_consensus	3plus	abnormal	Deepvariant	Freebayes	0.049958	0.048779	0.051037	1.000
TS1_consensus	3plus	abnormal	Deepvariant	Gatk	-0.002399	-0.003467	-0.001354	0.000
TS1_consensus	3plus	abnormal	Deepvariant	Varscan	-0.005878	-0.008068	-0.003942	0.000
TS1_consensus	3plus	abnormal	Freebayes	Gatk	-0.052357	-0.052993	-0.051741	0.000
TS1_consensus	3plus	abnormal	Freebayes	Varscan	-0.055836	-0.057171	-0.054596	0.000
TS1_consensus	3plus	abnormal	Gatk	Varscan	-0.003479	-0.004933	-0.002267	0.000
TS1_consensus	4plus	abnormal	BCF	Deepvariant	-0.006996	-0.007847	-0.006200	0.000
TS1_consensus	4plus	abnormal	BCF	Freebayes	0.036723	0.035469	0.037971	1.000
TS1_consensus	4plus	abnormal	BCF	Gatk	0.000741	-0.000714	0.002205	0.824
TS1_consensus	4plus	abnormal	BCF	Varscan	-0.011915	-0.013614	-0.010198	0.000
TS1_consensus	4plus	abnormal	Deepvariant	Freebayes	0.043719	0.042844	0.044683	1.000
TS1_consensus	4plus	abnormal	Deepvariant	Gatk	0.007736	0.006018	0.009498	1.000
TS1_consensus	4plus	abnormal	Deepvariant	Varscan	-0.004919	-0.006113	-0.003785	0.000
TS1_consensus	4plus	abnormal	Freebayes	Gatk	-0.035982	-0.037585	-0.034415	0.000
TS1_consensus	4plus	abnormal	Freebayes	Varscan	-0.048638	-0.049975	-0.047375	0.000
TS1_consensus	4plus	abnormal	Gatk	Varscan	-0.012655	-0.015245	-0.010037	0.000
TS1_consensus	5tools	abnormal	BCF	Deepvariant	-0.025003	-0.028418	-0.021738	0.000
TS1_consensus	5tools	abnormal	BCF	Freebayes	-0.069104	-0.070977	-0.067306	0.000
TS1_consensus	5tools	abnormal	BCF	Gatk	-0.002425	-0.003878	-0.000755	0.001
TS1_consensus	5tools	abnormal	BCF	Varscan	-0.018177	-0.019997	-0.016307	0.000
TS1_consensus	5tools	abnormal	Deepvariant	Freebayes	-0.044101	-0.047241	-0.040669	0.000
TS1_consensus	5tools	abnormal	Deepvariant	Gatk	0.022578	0.018414	0.026982	1.000
TS1_consensus	5tools	abnormal	Deepvariant	Varscan	0.006825	0.004920	0.008759	1.000
TS1_consensus	5tools	abnormal	Freebayes	Gatk	0.066680	0.065078	0.068412	1.000
TS1_consensus	5tools	abnormal	Freebayes	Varscan	0.050927	0.049245	0.052444	1.000
TS1_consensus	5tools	abnormal	Gatk	Varscan	-0.015753	-0.018491	-0.013124	0.000
TS2_leave_one_out	k2	abnormal	BCF	Deepvariant	0.015413	0.012924	0.018174	1.000
TS2_leave_one_out	k2	abnormal	BCF	Freebayes	0.064188	0.062957	0.065327	1.000
TS2_leave_one_out	k2	abnormal	BCF	Gatk	0.009191	0.008446	0.010060	1.000
TS2_leave_one_out	k2	abnormal	BCF	Varscan	0.008475	0.007794	0.009180	1.000
TS2_leave_one_out	k2	abnormal	Deepvariant	Freebayes	0.048775	0.047008	0.050470	1.000
TS2_leave_one_out	k2	abnormal	Deepvariant	Gatk	-0.006222	-0.008174	-0.004363	0.000
TS2_leave_one_out	k2	abnormal	Deepvariant	Varscan	-0.006938	-0.009165	-0.004982	0.000
TS2_leave_one_out	k2	abnormal	Freebayes	Gatk	-0.054997	-0.055805	-0.054249	0.000
TS2_leave_one_out	k2	abnormal	Freebayes	Varscan	-0.055713	-0.056503	-0.054931	0.000
TS2_leave_one_out	k2	abnormal	Gatk	Varscan	-0.000716	-0.001358	-0.000087	0.010
TS2_leave_one_out	k3	abnormal	BCF	Deepvariant	0.001137	0.000288	0.002090	0.995
TS2_leave_one_out	k3	abnormal	BCF	Freebayes	0.048086	0.047232	0.049012	1.000
TS2_leave_one_out	k3	abnormal	BCF	Gatk	0.003730	0.002492	0.005145	1.000
TS2_leave_one_out	k3	abnormal	BCF	Varscan	-0.004131	-0.005122	-0.003274	0.000
TS2_leave_one_out	k3	abnormal	Deepvariant	Freebayes	0.046949	0.046150	0.047715	1.000
TS2_leave_one_out	k3	abnormal	Deepvariant	Gatk	0.002593	0.001906	0.003293	1.000
TS2_leave_one_out	k3	abnormal	Deepvariant	Varscan	-0.005268	-0.006852	-0.003809	0.000
TS2_leave_one_out	k3	abnormal	Freebayes	Gatk	-0.044356	-0.045251	-0.043358	0.000
TS2_leave_one_out	k3	abnormal	Freebayes	Varscan	-0.052217	-0.053565	-0.050911	0.000
TS2_leave_one_out	k3	abnormal	Gatk	Varscan	-0.007861	-0.009925	-0.006039	0.000
TS2_leave_one_out	k4	abnormal	BCF	Deepvariant	-0.016184	-0.018397	-0.014107	0.000
TS2_leave_one_out	k4	abnormal	BCF	Freebayes	-0.017125	-0.018768	-0.015720	0.000
TS2_leave_one_out	k4	abnormal	BCF	Gatk	-0.000908	-0.002435	0.000589	0.123
TS2_leave_one_out	k4	abnormal	BCF	Varscan	-0.014523	-0.016339	-0.012720	0.000
TS2_leave_one_out	k4	abnormal	Deepvariant	Freebayes	-0.000940	-0.002639	0.000886	0.146
TS2_leave_one_out	k4	abnormal	Deepvariant	Gatk	0.015276	0.012188	0.018471	1.000
TS2_leave_one_out	k4	abnormal	Deepvariant	Varscan	0.001661	0.000871	0.002486	1.000
TS2_leave_one_out	k4	abnormal	Freebayes	Gatk	0.016217	0.014510	0.017873	1.000
TS2_leave_one_out	k4	abnormal	Freebayes	Varscan	0.002601	0.001364	0.003838	1.000
TS2_leave_one_out	k4	abnormal	Gatk	Varscan	-0.013615	-0.016317	-0.010754	0.000
TS4_simulation	known_truth	simulated	BCF	Deepvariant	0.000746	0.000625	0.000892	1.000
TS4_simulation	known_truth	simulated	BCF	Freebayes	-0.000374	-0.000522	-0.000240	0.000
TS4_simulation	known_truth	simulated	BCF	Gatk	0.000197	0.000069	0.000321	0.997
TS4_simulation	known_truth	simulated	BCF	Varscan	0.000230	-0.000009	0.000454	0.967
TS4_simulation	known_truth	simulated	BCF	consensus_ge2	-0.000438	-0.000584	-0.000322	0.000
TS4_simulation	known_truth	simulated	BCF	consensus_ge3	-0.000251	-0.000374	-0.000133	0.000
TS4_simulation	known_truth	simulated	BCF	consensus_ge4	0.000015	-0.000054	0.000097	0.649
TS4_simulation	known_truth	simulated	BCF	consensus_all5	0.001443	0.001255	0.001678	1.000
TS4_simulation	known_truth	simulated	Deepvariant	Freebayes	-0.001120	-0.001342	-0.000945	0.000
TS4_simulation	known_truth	simulated	Deepvariant	Gatk	-0.000549	-0.000741	-0.000390	0.000
TS4_simulation	known_truth	simulated	Deepvariant	Varscan	-0.000515	-0.000838	-0.000268	0.000
TS4_simulation	known_truth	simulated	Deepvariant	consensus_ge2	-0.001184	-0.001430	-0.000997	0.000
TS4_simulation	known_truth	simulated	Deepvariant	consensus_ge3	-0.000997	-0.001198	-0.000837	0.000
TS4_simulation	known_truth	simulated	Deepvariant	consensus_ge4	-0.000731	-0.000871	-0.000608	0.000
TS4_simulation	known_truth	simulated	Deepvariant	consensus_all5	0.000698	0.000584	0.000839	1.000
TS4_simulation	known_truth	simulated	Freebayes	Gatk	0.000571	0.000481	0.000675	1.000
TS4_simulation	known_truth	simulated	Freebayes	Varscan	0.000604	0.000265	0.000965	1.000
TS4_simulation	known_truth	simulated	Freebayes	consensus_ge2	-0.000064	-0.000134	-0.000021	0.000
TS4_simulation	known_truth	simulated	Freebayes	consensus_ge3	0.000123	0.000090	0.000159	1.000
TS4_simulation	known_truth	simulated	Freebayes	consensus_ge4	0.000389	0.000304	0.000494	1.000
TS4_simulation	known_truth	simulated	Freebayes	consensus_all5	0.001817	0.001549	0.002178	1.000
TS4_simulation	known_truth	simulated	Gatk	Varscan	0.000033	-0.000312	0.000380	0.575
TS4_simulation	known_truth	simulated	Gatk	consensus_ge2	-0.000635	-0.000762	-0.000536	0.000
TS4_simulation	known_truth	simulated	Gatk	consensus_ge3	-0.000449	-0.000529	-0.000380	0.000
TS4_simulation	known_truth	simulated	Gatk	consensus_ge4	-0.000182	-0.000254	-0.000107	0.000
TS4_simulation	known_truth	simulated	Gatk	consensus_all5	0.001246	0.001019	0.001539	1.000
TS4_simulation	known_truth	simulated	Varscan	consensus_ge2	-0.000668	-0.001021	-0.000364	0.000
TS4_simulation	known_truth	simulated	Varscan	consensus_ge3	-0.000482	-0.000826	-0.000151	0.003
TS4_simulation	known_truth	simulated	Varscan	consensus_ge4	-0.000216	-0.000513	0.000100	0.089
TS4_simulation	known_truth	simulated	Varscan	consensus_all5	0.001213	0.000968	0.001540	1.000
TS4_simulation	known_truth	simulated	consensus_ge2	consensus_ge3	0.000186	0.000134	0.000271	1.000
TS4_simulation	known_truth	simulated	consensus_ge2	consensus_ge4	0.000453	0.000354	0.000591	1.000
TS4_simulation	known_truth	simulated	consensus_ge2	consensus_all5	0.001881	0.001606	0.002253	1.000
TS4_simulation	known_truth	simulated	consensus_ge3	consensus_ge4	0.000266	0.000206	0.000344	1.000
TS4_simulation	known_truth	simulated	consensus_ge3	consensus_all5	0.001695	0.001453	0.002030	1.000
TS4_simulation	known_truth	simulated	consensus_ge4	consensus_all5	0.001429	0.001227	0.001685	1.000
