TruthSet	Level	Sample	Caller	Rank	Share_rank1	Mean_rank	Rank_lo	Rank_hi
TS1_consensus	3plus	normal	BCF	1	1.000	1.00	1	1
TS1_consensus	3plus	normal	Deepvariant	4	0.000	4.00	4	4
TS1_consensus	3plus	normal	Freebayes	5	0.000	5.00	5	5
TS1_consensus	3plus	normal	Gatk	3	0.000	3.00	3	3
TS1_consensus	3plus	normal	Varscan	2	0.000	2.00	2	2
TS1_consensus	4plus	normal	BCF	3	0.000	3.06	3	4
TS1_consensus	4plus	normal	Deepvariant	2	0.000	2.00	2	2
TS1_consensus	4plus	normal	Freebayes	5	0.000	5.00	5	5
TS1_consensus	4plus	normal	Gatk	4	0.000	3.94	3	4
TS1_consensus	4plus	normal	Varscan	1	1.000	1.00	1	1
TS1_consensus	5tools	normal	BCF	5	0.000	4.98	5	5
TS1_consensus	5tools	normal	Deepvariant	2	0.000	2.00	2	2
TS1_consensus	5tools	normal	Freebayes	1	1.000	1.00	1	1
TS1_consensus	5tools	normal	Gatk	4	0.000	4.02	4	4
TS1_consensus	5tools	normal	Varscan	3	0.000	3.00	3	3
TS2_leave_one_out	k2	normal	BCF	1	1.000	1.00	1	1
TS2_leave_one_out	k2	normal	Deepvariant	4	0.000	4.00	4	4
TS2_leave_one_out	k2	normal	Freebayes	5	0.000	5.00	5	5
TS2_leave_one_out	k2	normal	Gatk	3	0.000	2.61	2	3
TS2_leave_one_out	k2	normal	Varscan	2	0.000	2.39	2	3
TS2_leave_one_out	k3	normal	BCF	2	0.000	2.00	2	2
TS2_leave_one_out	k3	normal	Deepvariant	3	0.000	3.00	3	3
TS2_leave_one_out	k3	normal	Freebayes	5	0.000	5.00	5	5
TS2_leave_one_out	k3	normal	Gatk	4	0.000	4.00	4	4
TS2_leave_one_out	k3	normal	Varscan	1	1.000	1.00	1	1
TS2_leave_one_out	k4	normal	BCF	5	0.000	4.71	4	5
TS2_leave_one_out	k4	normal	Deepvariant	2	0.088	1.92	1	2
TS2_leave_one_out	k4	normal	Freebayes	1	0.912	1.09	1	2
TS2_leave_one_out	k4	normal	Gatk	4	0.000	4.29	4	5
TS2_leave_one_out	k4	normal	Varscan	3	0.000	2.99	3	3
TS1_consensus	3plus	abnormal	BCF	1	1.000	1.00	1	1
TS1_consensus	3plus	abnormal	Deepvariant	4	0.000	4.00	4	4
TS1_consensus	3plus	abnormal	Freebayes	5	0.000	5.00	5	5
TS1_consensus	3plus	abnormal	Gatk	3	0.000	3.00	3	3
TS1_consensus	3plus	abnormal	Varscan	2	0.000	2.00	2	2
TS1_consensus	4plus	abnormal	BCF	3	0.000	3.18	3	4
TS1_consensus	4plus	abnormal	Deepvariant	2	0.000	2.00	2	2
TS1_consensus	4plus	abnormal	Freebayes	5	0.000	5.00	5	5
TS1_consensus	4plus	abnormal	Gatk	4	0.000	3.82	3	4
TS1_consensus	4plus	abnormal	Varscan	1	1.000	1.00	1	1
TS1_consensus	5tools	abnormal	BCF	5	0.000	5.00	5	5
TS1_consensus	5tools	abnormal	Deepvariant	2	0.000	2.00	2	2
TS1_consensus	5tools	abnormal	Freebayes	1	1.000	1.00	1	1
TS1_consensus	5tools	abnormal	Gatk	4	0.000	4.00	4	4
TS1_consensus	5tools	abnormal	Varscan	3	0.000	3.00	3	3
TS2_leave_one_out	k2	abnormal	BCF	1	1.000	1.00	1	1
TS2_leave_one_out	k2	abnormal	Deepvariant	4	0.000	4.00	4	4
TS2_leave_one_out	k2	abnormal	Freebayes	5	0.000	5.00	5	5
TS2_leave_one_out	k2	abnormal	Gatk	3	0.000	2.99	3	3
TS2_leave_one_out	k2	abnormal	Varscan	2	0.000	2.01	2	2
TS2_leave_one_out	k3	abnormal	BCF	2	0.000	2.00	2	2
TS2_leave_one_out	k3	abnormal	Deepvariant	3	0.000	3.00	3	3
TS2_leave_one_out	k3	abnormal	Freebayes	5	0.000	5.00	5	5
TS2_leave_one_out	k3	abnormal	Gatk	4	0.000	4.00	4	4
TS2_leave_one_out	k3	abnormal	Varscan	1	1.000	1.00	1	1
TS2_leave_one_out	k4	abnormal	BCF	5	0.000	4.88	4	5
TS2_leave_one_out	k4	abnormal	Deepvariant	2	0.146	1.85	1	2
TS2_leave_one_out	k4	abnormal	Freebayes	1	0.854	1.15	1	2
TS2_leave_one_out	k4	abnormal	Gatk	4	0.000	4.12	4	5
TS2_leave_one_out	k4	abnormal	Varscan	3	0.000	3.00	3	3
TS4_simulation	known_truth	simulated	BCF	2	0.000	2.04	2	3
TS4_simulation	known_truth	simulated	Deepvariant	5	0.000	5.00	5	5
TS4_simulation	known_truth	simulated	Freebayes	1	1.000	1.00	1	1
TS4_simulation	known_truth	simulated	Gatk	3	0.000	3.42	3	4
TS4_simulation	known_truth	simulated	Varscan	4	0.000	3.54	2	4
