TruthSet	Level	Sample	Caller	Precision	P_lo	P_hi	Recall	R_lo	R_hi	F1	F1_lo	F1_hi	TP	FN	FP
TS1_consensus	3plus	normal	BCF	0.969860	0.967513	0.972115	0.993473	0.993033	0.993881	0.981524	0.980185	0.982810	12316801	80926	382759
TS1_consensus	3plus	normal	Deepvariant	0.984688	0.983938	0.985440	0.959081	0.953303	0.965025	0.971716	0.968496	0.975001	11890426	507301	184892
TS1_consensus	3plus	normal	Freebayes	0.978116	0.974902	0.981187	0.872440	0.870102	0.874760	0.922260	0.919795	0.924750	10816272	1581455	242003
TS1_consensus	3plus	normal	Gatk	0.964940	0.960709	0.969193	0.984662	0.983872	0.985393	0.974701	0.972326	0.977053	12207565	190162	443545
TS1_consensus	3plus	normal	Varscan	0.984695	0.984236	0.985118	0.971293	0.969256	0.973521	0.977948	0.976750	0.979216	12041826	355901	187161
TS1_consensus	4plus	normal	BCF	0.933760	0.927762	0.939330	0.998258	0.998203	0.998307	0.964933	0.961703	0.967910	11858340	20689	841220
TS1_consensus	4plus	normal	Deepvariant	0.963303	0.961407	0.965070	0.979221	0.975448	0.982413	0.971197	0.968434	0.973556	11632196	246833	443122
TS1_consensus	4plus	normal	Freebayes	0.963008	0.957575	0.967606	0.896471	0.895415	0.897550	0.928549	0.925851	0.930834	10649208	1229821	409067
TS1_consensus	4plus	normal	Gatk	0.934357	0.926448	0.941609	0.995085	0.994767	0.995382	0.963765	0.959439	0.967685	11820649	58380	830461
TS1_consensus	4plus	normal	Varscan	0.963015	0.960475	0.965211	0.991386	0.991126	0.991625	0.976994	0.975589	0.978230	11776698	102331	452289
TS1_consensus	5tools	normal	BCF	0.809126	0.800522	0.817319	1.000000	1.000000	1.000000	0.894494	0.889211	0.899478	10275542	0	2424018
TS1_consensus	5tools	normal	Deepvariant	0.850937	0.847894	0.853843	0.999980	0.999977	0.999984	0.919458	0.917677	0.921152	10275339	203	1799979
TS1_consensus	5tools	normal	Freebayes	0.929208	0.920595	0.937519	0.999990	0.999988	0.999992	0.963300	0.958651	0.967747	10275438	104	782837
TS1_consensus	5tools	normal	Gatk	0.812225	0.802135	0.821727	1.000000	1.000000	1.000000	0.896384	0.890205	0.902141	10275542	0	2375568
TS1_consensus	5tools	normal	Varscan	0.840261	0.834626	0.845672	1.000000	1.000000	1.000000	0.913198	0.909860	0.916384	10275542	0	1953445
TS2_leave_one_out	k2	normal	BCF	0.969283	0.966750	0.971467	0.980165	0.978131	0.982116	0.974694	0.972629	0.976620	12309469	249098	390091
TS2_leave_one_out	k2	normal	Deepvariant	0.984679	0.983893	0.985375	0.934668	0.926029	0.942591	0.959022	0.954248	0.963379	11890315	831118	185003
TS2_leave_one_out	k2	normal	Freebayes	0.978107	0.974924	0.981214	0.851936	0.848358	0.855313	0.910672	0.907481	0.913608	10816181	1879822	242094
TS2_leave_one_out	k2	normal	Gatk	0.964904	0.960489	0.969012	0.966785	0.964973	0.968354	0.965844	0.962944	0.968523	12207109	419391	444001
TS2_leave_one_out	k2	normal	Varscan	0.984653	0.984178	0.985075	0.947922	0.942961	0.952342	0.965938	0.963189	0.968364	12041305	661534	187682
TS2_leave_one_out	k3	normal	BCF	0.933595	0.927920	0.938671	0.993665	0.993155	0.994106	0.962694	0.959504	0.965491	11856243	75585	843317
TS2_leave_one_out	k3	normal	Deepvariant	0.963302	0.961368	0.964884	0.958597	0.952158	0.964572	0.960943	0.956928	0.964544	11632174	502411	443144
TS2_leave_one_out	k3	normal	Freebayes	0.963007	0.957845	0.967837	0.871162	0.868628	0.873468	0.914785	0.911253	0.917925	10649197	1574936	409078
TS2_leave_one_out	k3	normal	Gatk	0.934356	0.926330	0.941403	0.984547	0.983753	0.985308	0.958795	0.954279	0.962716	11820638	185537	830472
TS2_leave_one_out	k3	normal	Varscan	0.963014	0.960717	0.965180	0.970667	0.968325	0.972690	0.966825	0.964556	0.968835	11776685	355887	452302
TS2_leave_one_out	k4	normal	BCF	0.809110	0.800773	0.816971	0.999284	0.999229	0.999330	0.894197	0.889066	0.898982	10275339	7362	2424221
TS2_leave_one_out	k4	normal	Deepvariant	0.850937	0.848032	0.853921	0.977887	0.973949	0.981535	0.910006	0.907042	0.912855	10275339	232354	1799979
TS2_leave_one_out	k4	normal	Freebayes	0.929208	0.920293	0.937407	0.894131	0.892947	0.895269	0.911332	0.906916	0.915540	10275438	1216661	782837
TS2_leave_one_out	k4	normal	Gatk	0.812225	0.802648	0.821821	0.995633	0.995263	0.995948	0.894625	0.888699	0.900466	10275542	45073	2375568
TS2_leave_one_out	k4	normal	Varscan	0.840261	0.834726	0.845546	0.990140	0.989833	0.990434	0.909064	0.905721	0.912270	10275542	102331	1953445
TS1_consensus	3plus	abnormal	BCF	0.969607	0.967270	0.971765	0.993576	0.993120	0.993937	0.981445	0.980092	0.982660	12360356	79913	387442
TS1_consensus	3plus	abnormal	Deepvariant	0.984961	0.984148	0.985628	0.959621	0.953606	0.964967	0.972126	0.968830	0.975043	11937938	502331	182271
TS1_consensus	3plus	abnormal	Freebayes	0.978134	0.974847	0.981015	0.872260	0.869941	0.874525	0.922168	0.919567	0.924389	10851143	1589126	242575
TS1_consensus	3plus	abnormal	Gatk	0.965107	0.960617	0.969228	0.984129	0.983256	0.984842	0.974525	0.971922	0.976753	12242828	197441	442633
TS1_consensus	3plus	abnormal	Varscan	0.984045	0.983532	0.984503	0.972037	0.969879	0.974075	0.978004	0.976696	0.979164	12092407	347862	196067
TS1_consensus	4plus	abnormal	BCF	0.933597	0.928165	0.938738	0.998256	0.998202	0.998302	0.964845	0.961931	0.967599	11901311	20795	846487
TS1_consensus	4plus	abnormal	Deepvariant	0.963898	0.962014	0.965653	0.979915	0.976915	0.982819	0.971840	0.969626	0.974006	11682645	239461	437564
TS1_consensus	4plus	abnormal	Freebayes	0.962774	0.957872	0.967543	0.895877	0.894823	0.896808	0.928122	0.925674	0.930532	10680741	1241365	412977
TS1_consensus	4plus	abnormal	Gatk	0.935096	0.928187	0.942284	0.994969	0.994612	0.995293	0.964104	0.960253	0.967939	11862127	59979	823334
TS1_consensus	4plus	abnormal	Varscan	0.962199	0.959930	0.964341	0.991767	0.991491	0.992023	0.976759	0.975478	0.977946	11823953	98153	464521
TS1_consensus	5tools	abnormal	BCF	0.809379	0.801417	0.817184	1.000000	1.000000	1.000000	0.894649	0.889763	0.899396	10317794	0	2429990
TS1_consensus	5tools	abnormal	Deepvariant	0.851270	0.848022	0.854005	0.999978	0.999974	0.999982	0.919651	0.917752	0.921246	10317567	227	1802635
TS1_consensus	5tools	abnormal	Freebayes	0.930049	0.922155	0.937748	0.999991	0.999989	0.999993	0.963753	0.959497	0.967870	10317699	95	776013
TS1_consensus	5tools	abnormal	Gatk	0.813357	0.804174	0.822457	1.000000	1.000000	1.000000	0.897073	0.891459	0.902580	10317794	0	2367651
TS1_consensus	5tools	abnormal	Varscan	0.839632	0.834200	0.844707	1.000000	1.000000	1.000000	0.912826	0.909606	0.915817	10317794	0	1970677
TS2_leave_one_out	k2	abnormal	BCF	0.969008	0.966384	0.971321	0.980468	0.978336	0.982462	0.974704	0.972515	0.976619	12352712	246083	395086
TS2_leave_one_out	k2	abnormal	Deepvariant	0.984951	0.984168	0.985689	0.934934	0.926164	0.942656	0.959291	0.954396	0.963568	11937806	830796	182403
TS2_leave_one_out	k2	abnormal	Freebayes	0.978126	0.974755	0.981239	0.851648	0.848099	0.855211	0.910516	0.907228	0.913534	10851055	1890189	242663
TS2_leave_one_out	k2	abnormal	Gatk	0.965078	0.960346	0.969394	0.965948	0.964132	0.967633	0.965513	0.962542	0.968084	12242455	431578	443006
TS2_leave_one_out	k2	abnormal	Varscan	0.984009	0.983463	0.984474	0.949080	0.944171	0.953596	0.966229	0.963445	0.968770	12091965	648759	196509
TS2_leave_one_out	k3	abnormal	BCF	0.933435	0.927436	0.938824	0.993767	0.993330	0.994156	0.962657	0.959367	0.965678	11899240	74628	848558
TS2_leave_one_out	k3	abnormal	Deepvariant	0.963895	0.962011	0.965768	0.959156	0.952931	0.964861	0.961520	0.957602	0.965197	11682614	497488	437595
TS2_leave_one_out	k3	abnormal	Freebayes	0.962773	0.957717	0.967519	0.870965	0.868276	0.873421	0.914571	0.911019	0.917876	10680728	1582362	412990
TS2_leave_one_out	k3	abnormal	Gatk	0.935095	0.927395	0.942102	0.984005	0.983073	0.984826	0.958927	0.954646	0.962942	11862114	192817	823347
TS2_leave_one_out	k3	abnormal	Varscan	0.962197	0.959701	0.964450	0.971422	0.969025	0.973630	0.966788	0.964377	0.969008	11823938	347849	464536
TS2_leave_one_out	k4	abnormal	BCF	0.809362	0.801268	0.817345	0.999297	0.999245	0.999344	0.894356	0.889377	0.899226	10317567	7257	2430217
TS2_leave_one_out	k4	abnormal	Deepvariant	0.851270	0.848244	0.854123	0.978682	0.975016	0.982185	0.910541	0.907592	0.913448	10317567	224738	1802635
TS2_leave_one_out	k4	abnormal	Freebayes	0.930049	0.921562	0.938065	0.893640	0.892361	0.894839	0.911481	0.907050	0.915669	10317699	1227998	776019
TS2_leave_one_out	k4	abnormal	Gatk	0.813357	0.803881	0.823143	0.995516	0.995101	0.995896	0.895264	0.889421	0.901225	10317794	46473	2367651
TS2_leave_one_out	k4	abnormal	Varscan	0.839632	0.834004	0.844875	0.990577	0.990223	0.990926	0.908880	0.905417	0.912096	10317794	98153	1970680
TS4_simulation	known_truth	simulated	BCF	0.999956	0.999943	0.999967	0.996417	0.995188	0.997389	0.998183	0.997566	0.998672	1222630	4396	54
TS4_simulation	known_truth	simulated	Deepvariant	0.999984	0.999972	0.999994	0.994904	0.993463	0.995996	0.997438	0.996713	0.997984	1220773	6253	19
TS4_simulation	known_truth	simulated	Freebayes	0.999967	0.999951	0.999980	0.997152	0.996046	0.997966	0.998557	0.998000	0.998969	1223531	3495	40
TS4_simulation	known_truth	simulated	Gatk	0.999981	0.999966	0.999993	0.995999	0.994828	0.996911	0.997986	0.997394	0.998446	1222117	4909	23
TS4_simulation	known_truth	simulated	Varscan	0.997605	0.996511	0.998434	0.998302	0.997842	0.998703	0.997953	0.997228	0.998547	1224942	2084	2941
TS4_simulation	known_truth	simulated	consensus_ge2	0.999979	0.999964	0.999990	0.997267	0.996236	0.998045	0.998621	0.998102	0.999014	1223673	3353	26
TS4_simulation	known_truth	simulated	consensus_ge3	0.999989	0.999978	0.999997	0.996885	0.995753	0.997747	0.998435	0.997861	0.998870	1223204	3822	13
TS4_simulation	known_truth	simulated	consensus_ge4	0.999993	0.999984	0.999999	0.996351	0.995117	0.997299	0.998169	0.997547	0.998647	1222549	4477	9
TS4_simulation	known_truth	simulated	consensus_all5	1.000000	1.000000	1.000000	0.993501	0.991863	0.994783	0.996740	0.995915	0.997385	1219052	7974	0
