CallSet	Type	TP	FP	FN	Precision	Recall	F1
BCF	single_caller	1222630	54	4396	0.999956	0.996417	0.998183
Deepvariant	single_caller	1220773	19	6253	0.999984	0.994904	0.997438
Freebayes	single_caller	1223531	40	3495	0.999967	0.997152	0.998557
Gatk	single_caller	1222117	23	4909	0.999981	0.995999	0.997986
Varscan	single_caller	1224942	2941	2084	0.997605	0.998302	0.997953
consensus_ge2	multi_caller	1223673	26	3353	0.999979	0.997267	0.998621
consensus_ge3	multi_caller	1223204	13	3822	0.999989	0.996885	0.998435
consensus_ge4	multi_caller	1222549	9	4477	0.999993	0.996351	0.998169
consensus_all5	multi_caller	1219052	0	7974	1.0	0.993501	0.99674
