TruthSet	Level	Sample	Caller	TP	FP	FN	Precision	Recall	F1
TS1_consensus	3plus	normal	BCF	1491961	151760	101379	0.907673	0.936373	0.9218
TS1_consensus	4plus	normal	BCF	1402976	240705	45216	0.85356	0.968778	0.907527
TS1_consensus	5tools	normal	BCF	1137276	506400	4843	0.691916	0.99576	0.816486
TS2_leave_one_out	k2	normal	BCF	1492652	151181	263926	0.908025	0.84975	0.877922
TS2_leave_one_out	k3	normal	BCF	1403027	240656	89572	0.85359	0.939989	0.894709
TS2_leave_one_out	k4	normal	BCF	1137284	506392	20362	0.691922	0.982411	0.811968
TS1_consensus	3plus	normal	Deepvariant	1511207	241928	82133	0.862053	0.948452	0.903191
TS1_consensus	4plus	normal	Deepvariant	1404459	349087	43733	0.800951	0.969802	0.877326
TS1_consensus	5tools	normal	Deepvariant	1137276	616458	4843	0.648493	0.99576	0.785455
TS2_leave_one_out	k2	normal	Deepvariant	1513110	239129	157462	0.863649	0.905744	0.884196
TS2_leave_one_out	k3	normal	Deepvariant	1404919	348204	71092	0.801454	0.951835	0.870195
TS2_leave_one_out	k4	normal	Deepvariant	1137411	616134	19134	0.648678	0.983456	0.781733
TS1_consensus	3plus	normal	Freebayes	1268674	56188	324666	0.95759	0.796236	0.86949
TS1_consensus	4plus	normal	Freebayes	1239796	85074	208396	0.935787	0.856099	0.894171
TS1_consensus	5tools	normal	Freebayes	1137276	187571	4843	0.858421	0.99576	0.922004
TS2_leave_one_out	k2	normal	Freebayes	1269018	55908	539075	0.957801	0.701854	0.810092
TS2_leave_one_out	k3	normal	Freebayes	1239830	85029	321995	0.935821	0.793834	0.859
TS2_leave_one_out	k4	normal	Freebayes	1137282	187573	188609	0.85842	0.857749	0.858084
TS1_consensus	3plus	normal	Gatk	1502194	456775	91144	0.766838	0.942797	0.845762
TS1_consensus	4plus	normal	Gatk	1408611	550396	39579	0.719048	0.97267	0.826848
TS1_consensus	5tools	normal	Gatk	1137276	821681	4843	0.580556	0.99576	0.733475
TS2_leave_one_out	k2	normal	Gatk	1504807	454026	159344	0.768241	0.904249	0.830715
TS2_leave_one_out	k3	normal	Gatk	1409883	549049	80147	0.719736	0.946211	0.817579
TS2_leave_one_out	k4	normal	Gatk	1137373	821576	14654	0.580609	0.98728	0.731205
TS1_consensus	3plus	normal	Varscan	1436726	88253	156614	0.942129	0.901707	0.921475
TS1_consensus	4plus	normal	Varscan	1357002	167981	91190	0.889848	0.937032	0.91283
TS1_consensus	5tools	normal	Varscan	1137276	387690	4843	0.745773	0.99576	0.852824
TS2_leave_one_out	k2	normal	Varscan	1438725	86466	325461	0.943301	0.815518	0.874767
TS2_leave_one_out	k3	normal	Varscan	1357008	167975	153781	0.889852	0.898211	0.894012
TS2_leave_one_out	k4	normal	Varscan	1137282	387697	87275	0.74577	0.928729	0.827254
TS1_consensus	3plus	abnormal	BCF	1512363	151485	103998	0.908957	0.935659	0.922115
TS1_consensus	4plus	abnormal	BCF	1424063	239764	46771	0.8559	0.968201	0.908594
TS1_consensus	5tools	abnormal	BCF	1153095	510717	4806	0.693051	0.995849	0.817306
TS2_leave_one_out	k2	abnormal	BCF	1513125	150839	269489	0.909345	0.848824	0.878043
TS2_leave_one_out	k3	abnormal	BCF	1424124	239687	91998	0.855946	0.93932	0.895697
TS2_leave_one_out	k4	abnormal	BCF	1153112	510687	20101	0.693069	0.982867	0.812912
TS1_consensus	3plus	abnormal	Deepvariant	1530588	242956	85773	0.863056	0.946935	0.903052
TS1_consensus	4plus	abnormal	Deepvariant	1424859	349040	45975	0.80326	0.968742	0.878274
TS1_consensus	5tools	abnormal	Deepvariant	1153095	620991	4806	0.649968	0.995849	0.786564
TS2_leave_one_out	k2	abnormal	Deepvariant	1532488	240236	162405	0.864589	0.90418	0.883941
TS2_leave_one_out	k3	abnormal	Deepvariant	1425321	348224	74830	0.803721	0.950118	0.870809
TS2_leave_one_out	k4	abnormal	Deepvariant	1153235	620651	20185	0.65016	0.982798	0.782599
TS1_consensus	3plus	abnormal	Freebayes	1291504	60492	324857	0.955257	0.79902	0.870181
TS1_consensus	4plus	abnormal	Freebayes	1261067	90927	209767	0.932746	0.857382	0.893478
TS1_consensus	5tools	abnormal	Freebayes	1153095	198896	4806	0.852887	0.995849	0.91884
TS2_leave_one_out	k2	abnormal	Freebayes	1291917	60165	540388	0.955499	0.705077	0.811406
TS2_leave_one_out	k3	abnormal	Freebayes	1261103	90882	322018	0.932779	0.796593	0.859324
TS2_leave_one_out	k4	abnormal	Freebayes	1153101	198893	188270	0.852889	0.859644	0.856253
TS1_consensus	3plus	abnormal	Gatk	1522269	463318	94092	0.766672	0.941788	0.845255
TS1_consensus	4plus	abnormal	Gatk	1429095	556553	41739	0.719718	0.971622	0.826911
TS1_consensus	5tools	abnormal	Gatk	1153095	832561	4806	0.580716	0.995849	0.733628
TS2_leave_one_out	k2	abnormal	Gatk	1524947	460503	162807	0.76809	0.903536	0.830326
TS2_leave_one_out	k3	abnormal	Gatk	1430452	555120	82822	0.720439	0.94527	0.817681
TS2_leave_one_out	k4	abnormal	Gatk	1153199	832442	15089	0.580776	0.987085	0.731283
TS1_consensus	3plus	abnormal	Varscan	1454358	90634	162003	0.941338	0.899773	0.920086
TS1_consensus	4plus	abnormal	Varscan	1373518	171473	97316	0.889015	0.933836	0.910874
TS1_consensus	5tools	abnormal	Varscan	1153095	391895	4806	0.746347	0.995849	0.853233
TS2_leave_one_out	k2	abnormal	Varscan	1456460	88774	332020	0.942541	0.814356	0.873773
TS2_leave_one_out	k3	abnormal	Varscan	1373537	171455	159019	0.889026	0.896239	0.892618
TS2_leave_one_out	k4	abnormal	Varscan	1153095	391895	93051	0.746347	0.925329	0.826257
TS4_simulation	known_truth	simulated	BCF	152881	4	548	0.999974	0.996428	0.998198
TS4_simulation	known_truth	simulated	Deepvariant	152319	18	1110	0.999882	0.992765	0.996311
TS4_simulation	known_truth	simulated	Freebayes	153002	3	427	0.99998	0.997217	0.998597
TS4_simulation	known_truth	simulated	Gatk	152841	2	588	0.999987	0.996168	0.998074
TS4_simulation	known_truth	simulated	Varscan	149909	313	3520	0.997916	0.977058	0.987377
