k	Group	TestedCaller	TP	FP	FN	Precision	Recall	F1
2	abnormal	BCF	12352712	395086	246083	0.969008	0.980468	0.974704
2	abnormal	Deepvariant	11937806	182403	830796	0.984951	0.934934	0.959291
2	abnormal	Freebayes	10851055	242663	1890189	0.978126	0.851648	0.910516
2	abnormal	Gatk	12242455	443006	431578	0.965078	0.965948	0.965513
2	abnormal	Varscan	12091965	196509	648759	0.984009	0.94908	0.966229
2	normal	BCF	12309469	390091	249098	0.969283	0.980165	0.974694
2	normal	Deepvariant	11890315	185003	831118	0.984679	0.934668	0.959022
2	normal	Freebayes	10816181	242094	1879822	0.978107	0.851936	0.910672
2	normal	Gatk	12207109	444001	419391	0.964904	0.966785	0.965844
2	normal	Varscan	12041305	187682	661534	0.984653	0.947922	0.965938
3	abnormal	BCF	11899240	848558	74628	0.933435	0.993767	0.962657
3	abnormal	Deepvariant	11682614	437595	497488	0.963895	0.959156	0.96152
3	abnormal	Freebayes	10680728	412990	1582362	0.962773	0.870965	0.914571
3	abnormal	Gatk	11862114	823347	192817	0.935095	0.984005	0.958927
3	abnormal	Varscan	11823938	464536	347849	0.962197	0.971422	0.966788
3	normal	BCF	11856243	843317	75585	0.933595	0.993665	0.962694
3	normal	Deepvariant	11632174	443144	502411	0.963302	0.958597	0.960943
3	normal	Freebayes	10649197	409078	1574936	0.963007	0.871162	0.914785
3	normal	Gatk	11820638	830472	185537	0.934356	0.984547	0.958795
3	normal	Varscan	11776685	452302	355887	0.963014	0.970667	0.966825
4	abnormal	BCF	10317567	2430217	7257	0.809362	0.999297	0.894356
4	abnormal	Deepvariant	10317567	1802635	224738	0.85127	0.978682	0.910541
4	abnormal	Freebayes	10317699	776019	1227998	0.930049	0.89364	0.911481
4	abnormal	Gatk	10317794	2367651	46473	0.813357	0.995516	0.895264
4	abnormal	Varscan	10317794	1970680	98153	0.839632	0.990577	0.90888
4	normal	BCF	10275339	2424221	7362	0.80911	0.999284	0.894197
4	normal	Deepvariant	10275339	1799979	232354	0.850937	0.977887	0.910006
4	normal	Freebayes	10275438	782837	1216661	0.929208	0.894131	0.911332
4	normal	Gatk	10275542	2375568	45073	0.812225	0.995633	0.894625
4	normal	Varscan	10275542	1953445	102331	0.840261	0.99014	0.909064
