Call set	TP	FP	FN	Precision	Recall	F1 (95% CI)
FreeBayes	1,223,531	40	3,495	0.99997	0.99715	0.99856 (0.99800–0.99897)
BCFtools	1,222,630	54	4,396	0.99996	0.99642	0.99818 (0.99757–0.99867)
GATK	1,222,117	23	4,909	0.99998	0.99600	0.99799 (0.99739–0.99845)
VarScan	1,224,942	2,941	2,084	0.99760	0.99830	0.99795 (0.99723–0.99855)
DeepVariant	1,220,773	19	6,253	0.99998	0.99490	0.99744 (0.99671–0.99798)
Consensus ≥2 callers	1,223,673	26	3,353	0.99998	0.99727	0.99862 (0.99810–0.99901)
Consensus ≥3 callers	1,223,204	13	3,822	0.99999	0.99689	0.99843 (0.99786–0.99887)
Consensus ≥4 callers	1,222,549	9	4,477	0.99999	0.99635	0.99817 (0.99755–0.99865)
Consensus all 5 callers	1,219,052	0	7,974	1.00000	0.99350	0.99674 (0.99591–0.99738)
